{"stats":{"minecraft:killed_by":{"minecraft:skeleton":1,"minecraft:creeper":2,"minecraft:spider":2,"minecraft:zombie":3,"minecraft:enderman":2,"graveyard:skeleton_creeper":3},"minecraft:killed":{"minecraft:parrot":1,"minecraft:pig":1,"graveyard:skeleton_creeper":1,"hordes:zombie_player":1,"minecraft:creeper":4,"minecraft:phantom":1,"minecraft:sheep":7,"minecraft:skeleton":1,"minecraft:zombie":9,"betteranimalsplus:piranha":4,"minecraft:cow":1},"minecraft:dropped":{"twigs:bamboo_leaves":22,"minecraft:wheat_seeds":16,"minecraft:oak_log":1,"minecraft:cocoa_beans":6,"minecraft:crafting_table":1,"minecraft:rotten_flesh":5,"minecraft:oak_planks":64,"minecraft:dirt":81,"minecraft:wooden_axe":3,"minecraft:potion":1,"farmersdelight:rope":7,"minecraft:jungle_sapling":3,"minecraft:bamboo":98,"minecraft:wooden_pickaxe":4,"alexsmobs:banana":1,"minecraft:white_wool":1,"twigs:twig":11},"minecraft:used":{"minecraft:stone_pickaxe":32,"minecraft:oak_planks":8,"minecraft:chest":2,"minecraft:wooden_pickaxe":10,"minecraft:wooden_shovel":11,"minecraft:dirt":104,"minecraft:crafting_table":4,"minecraft:jungle_planks":16,"minecraft:white_bed":5,"minecraft:jungle_sapling":7,"minecraft:wooden_axe":33,"minecraft:melon_slice":53,"twigs:bamboo_leaves":9,"twigs:twig":2,"minecraft:bamboo":4,"minecraft:stone_axe":72,"minecraft:furnace":1,"minecraft:oak_sapling":3,"twigs:opaline_seashell":1},"minecraft:crafted":{"minecraft:oak_planks":40,"minecraft:wooden_shovel":1,"minecraft:crafting_table":2,"minecraft:wooden_pickaxe":2,"minecraft:furnace":1,"minecraft:stone_axe":2,"minecraft:jungle_planks":236,"minecraft:stick":28,"minecraft:chest":2,"minecraft:stone_pickaxe":2,"minecraft:wooden_axe":1,"minecraft:white_bed":2},"minecraft:mined":{"minecraft:podzol":42,"minecraft:white_bed":3,"minecraft:jungle_leaves":206,"minecraft:crafting_table":1,"minecraft:grass_block":104,"minecraft:melon":18,"minecraft:jungle_planks":1,"minecraft:jungle_log":41,"minecraft:cobblestone":1,"minecraft:grass":136,"minecraft:oak_log":22,"minecraft:coal_ore":9,"minecraft:cocoa":2,"minecraft:vine":78,"minecraft:dirt":242,"minecraft:bamboo":14,"minecraft:stone":177,"twigs:opaline_seashell":3,"minecraft:oak_leaves":80,"minecraft:fern":38},"minecraft:custom":{"minecraft:mob_kills":36,"minecraft:interact_with_crafting_table":22,"minecraft:open_barrel":5,"minecraft:leave_game":3,"minecraft:time_since_death":558,"minecraft:sleep_in_bed":3,"minecraft:climb_one_cm":2460,"minecraft:time_since_rest":582,"minecraft:sprint_one_cm":142124,"minecraft:damage_taken":5357,"minecraft:walk_one_cm":167376,"minecraft:drop":73,"minecraft:damage_dealt":5229,"minecraft:fly_one_cm":326599,"minecraft:open_chest":13,"minecraft:crouch_one_cm":6342,"minecraft:play_time":48757,"minecraft:sneak_time":2434,"minecraft:deaths":14,"minecraft:walk_under_water_one_cm":1385,"minecraft:jump":1518,"minecraft:walk_on_water_one_cm":3642,"minecraft:total_world_time":48757,"minecraft:fall_one_cm":46511},"minecraft:picked_up":{"minecraft:wooden_axe":10,"minecraft:cocoa_beans":18,"minecraft:crafting_table":7,"minecraft:feather":3,"minecraft:chicken":1,"minecraft:jungle_log":73,"minecraft:leather":1,"minecraft:wooden_pickaxe":7,"minecraft:oak_log":12,"minecraft:gunpowder":2,"minecraft:dirt":217,"minecraft:string":1,"minecraft:bone":3,"twigs:opaline_seashell":2,"minecraft:apple":2,"minecraft:wheat_seeds":39,"alexsmobs:banana":3,"minecraft:beef":3,"minecraft:stone_pickaxe":1,"minecraft:jungle_sapling":18,"minecraft:wooden_shovel":4,"minecraft:bamboo":117,"twigs:twig":43,"minecraft:melon_slice":469,"minecraft:oak_planks":123,"minecraft:stick":8,"twigs:bamboo_leaves":34,"minecraft:porkchop":8,"minecraft:jungle_planks":930,"minecraft:white_bed":4,"minecraft:arrow":2,"minecraft:rotten_flesh":13,"minecraft:oak_sapling":5,"minecraft:mutton":20,"minecraft:coal":14,"minecraft:white_wool":10,"minecraft:cobblestone":88}},"DataVersion":3120}