{"stats":{"minecraft:killed_by":{"betteranimalsplus:piranha":2,"minecraft:skeleton":15,"minecraft:creeper":6,"minecraft:spider":4,"minecraft:zombie":7,"minecraft:enderman":1,"hordes:zombie_player":1,"graveyard:skeleton_creeper":1,"mutantmonsters:mutant_creeper":1},"minecraft:killed":{"minecraft:parrot":2,"minecraft:pig":1,"hordes:zombie_player":5,"minecraft:spider":2,"minecraft:sheep":2,"minecraft:skeleton":1,"minecraft:zombie":4,"minecraft:chicken":1,"betteranimalsplus:tarantula":1,"minecraft:cow":3},"minecraft:dropped":{"twigs:bamboo_leaves":25,"minecraft:porkchop":2,"minecraft:wheat_seeds":4,"minecraft:crafting_table":2,"minecraft:cobblestone":7,"minecraft:rotten_flesh":8,"minecraft:jungle_planks":213,"minecraft:stick":4,"minecraft:dirt":2,"minecraft:jungle_button":9,"minecraft:mutton":2,"minecraft:wooden_axe":4,"minecraft:melon_slice":109,"minecraft:oak_sapling":3,"minecraft:wooden_shovel":1,"minecraft:jungle_sapling":19,"minecraft:bamboo":3,"minecraft:wooden_pickaxe":1,"alexsmobs:banana":1,"minecraft:white_wool":1,"twigs:twig":24,"minecraft:bone":1},"minecraft:used":{"minecraft:stone_pickaxe":30,"minecraft:oak_planks":20,"minecraft:wooden_pickaxe":11,"minecraft:wooden_shovel":11,"minecraft:dirt":95,"minecraft:crafting_table":5,"minecraft:jungle_planks":106,"minecraft:wooden_axe":74,"minecraft:melon_slice":46,"minecraft:stone_axe":71,"minecraft:bamboo":1,"minecraft:egg":2},"minecraft:crafted":{"minecraft:jungle_button":3,"minecraft:oak_planks":96,"minecraft:wooden_shovel":2,"minecraft:crafting_table":5,"minecraft:wooden_pickaxe":3,"minecraft:furnace":1,"minecraft:stone_axe":2,"minecraft:jungle_planks":740,"minecraft:stick":60,"minecraft:stone_pickaxe":2,"minecraft:wooden_axe":6},"minecraft:mined":{"minecraft:podzol":19,"minecraft:jungle_leaves":929,"minecraft:crafting_table":5,"minecraft:grass_block":128,"minecraft:jungle_planks":24,"minecraft:melon":86,"minecraft:jungle_log":315,"minecraft:copper_ore":1,"minecraft:oak_planks":5,"dynamictrees:oak_undergrowth_leaves":2,"dynamictrees:jungle_root":1,"minecraft:pumpkin":7,"minecraft:grass":58,"minecraft:oak_log":42,"minecraft:vine":531,"minecraft:dirt":257,"dynamictrees:jungle_undergrowth_leaves":3,"minecraft:bamboo":4,"minecraft:stone":180,"dynamictrees:trunk_shell":1,"minecraft:oak_leaves":231,"minecraft:fern":20},"minecraft:custom":{"minecraft:mob_kills":21,"minecraft:interact_with_crafting_table":10,"minecraft:leave_game":8,"minecraft:time_since_death":19531,"minecraft:sleep_in_bed":1,"minecraft:climb_one_cm":5561,"minecraft:time_since_rest":19583,"minecraft:sprint_one_cm":302142,"minecraft:damage_taken":10758,"minecraft:walk_one_cm":231755,"minecraft:drop":63,"minecraft:damage_dealt":2748,"minecraft:swim_one_cm":3783,"minecraft:fly_one_cm":352193,"minecraft:open_chest":3,"minecraft:crouch_one_cm":7256,"minecraft:play_time":133258,"minecraft:deaths":38,"minecraft:sneak_time":2267,"minecraft:walk_under_water_one_cm":3932,"minecraft:jump":1844,"minecraft:walk_on_water_one_cm":2782,"minecraft:total_world_time":133258,"minecraft:fall_one_cm":38086},"minecraft:picked_up":{"minecraft:wooden_axe":6,"minecraft:cocoa_beans":5,"minecraft:crafting_table":7,"minecraft:feather":3,"minecraft:chicken":2,"minecraft:jungle_log":217,"minecraft:leather":4,"minecraft:wooden_pickaxe":6,"minecraft:potato":1,"minecraft:potion":1,"minecraft:oak_log":24,"minecraft:jungle_button":6,"minecraft:gunpowder":3,"minecraft:dirt":284,"minecraft:raw_copper":2,"minecraft:bone":4,"minecraft:apple":1,"minecraft:wheat_seeds":13,"alexsmobs:banana":4,"minecraft:beef":6,"minecraft:music_disc_far":1,"minecraft:stone_pickaxe":2,"minecraft:jungle_sapling":22,"minecraft:wooden_shovel":1,"minecraft:bamboo":192,"minecraft:melon_slice":568,"twigs:twig":27,"minecraft:oak_planks":138,"minecraft:egg":2,"minecraft:stick":20,"minecraft:pumpkin":7,"twigs:bamboo_leaves":49,"minecraft:porkchop":5,"minecraft:jungle_planks":499,"minecraft:arrow":4,"minecraft:rotten_flesh":12,"minecraft:stone_axe":1,"dynamictrees:jungle_seed":5,"farmersdelight:rope":7,"minecraft:oak_sapling":3,"minecraft:mutton":5,"minecraft:white_wool":5,"minecraft:cobblestone":142,"minecraft:ender_pearl":1}},"DataVersion":3120}